27	4.0433	4.1086	0.4512	0.3427	1.3921	0.082	1249	1.00e-3	fwd 2.2s bwd 2.5s opt 0.2s ckpt 0.0s
54	3.9694	4.0614	0.8622	0.3431	0.9202	0.116	1285	2.00e-3	fwd 2.1s bwd 2.4s opt 0.2s ckpt 0.0s
81	3.9726	4.0495	0.9685	0.3276	0.8474	0.139	1241	2.00e-3	fwd 2.6s bwd 2.6s opt 0.2s ckpt 0.0s
108	3.9853	4.0777	0.8107	0.3376	0.9552	0.150	1283	1.99e-3	fwd 1.9s bwd 2.2s opt 0.1s ckpt 0.1s
135	3.9580	4.0739	0.7143	0.3484	0.9470	0.165	1298	1.99e-3	fwd 2.1s bwd 2.3s opt 0.2s ckpt 0.0s
162	3.9381	4.0139	0.9577	0.3587	0.3619	0.179	1324	1.98e-3	fwd 1.9s bwd 2.2s opt 0.1s ckpt 0.0s
189	3.9505	4.0271	0.9500	0.3258	0.8584	0.179	1337	1.98e-3	fwd 2.0s bwd 2.2s opt 0.1s ckpt 0.1s
216	3.9177	4.0192	1.0144	0.3236	0.8524	0.201	1356	1.97e-3	fwd 1.9s bwd 2.1s opt 0.1s ckpt 0.0s
243	3.9752	4.0559	0.8255	0.3742	0.6665	0.198	1370	1.97e-3	fwd 1.9s bwd 2.1s opt 0.1s ckpt 0.0s
270	4.0155	4.1297	1.1219	0.3512	1.0868	0.194	1334	1.96e-3	fwd 1.6s bwd 1.9s opt 0.1s ckpt 0.1s
297	3.9656	4.0608	1.1890	0.3811	0.7501	0.187	1377	1.95e-3	fwd 1.4s bwd 1.6s opt 0.1s ckpt 0.0s
324	4.0376	4.1295	0.9360	0.3558	0.6491	0.179	1394	1.94e-3	fwd 1.8s bwd 2.0s opt 0.1s ckpt 0.0s
351	3.9420	4.0515	0.8964	0.3677	0.4868	0.203	1407	1.93e-3	fwd 1.8s bwd 2.0s opt 0.1s ckpt 0.1s
378	4.0146	4.0996	0.9081	0.3353	0.4870	0.191	1409	1.92e-3	fwd 2.0s bwd 2.2s opt 0.1s ckpt 0.0s
405	3.9919	4.1039	0.7519	0.3593	0.5939	0.189	1413	1.91e-3	fwd 2.0s bwd 2.1s opt 0.1s ckpt 0.0s
432	4.0247	4.1368	1.1293	0.3920	NaN	0.174	1427	1.90e-3	fwd 1.6s bwd 1.9s opt 0.1s ckpt 0.2s
459	4.0133	4.1011	0.9738	0.3528	0.9287	0.173	1444	1.89e-3	fwd 1.6s bwd 1.8s opt 0.1s ckpt 0.0s
486	3.8987	3.9777	0.9728	0.3700	0.8385	0.186	1437	1.88e-3	fwd 2.3s bwd 2.4s opt 0.1s ckpt 0.0s
513	3.7844	3.8713	0.8847	0.3287	0.5703	0.202	1412	1.86e-3	fwd 1.6s bwd 1.8s opt 0.1s ckpt 0.2s
540	3.8374	3.9271	0.8859	0.3942	0.3739	0.201	1426	1.85e-3	fwd 1.7s bwd 1.9s opt 0.1s ckpt 0.0s
567	3.8775	3.9632	1.0665	0.3265	0.3253	0.189	1440	1.84e-3	fwd 1.6s bwd 1.8s opt 0.1s ckpt 0.0s
594	3.9105	3.9906	0.8774	0.3666	0.2665	0.182	1448	1.83e-3	fwd 1.7s bwd 1.9s opt 0.1s ckpt 0.2s
621	3.8666	3.9596	0.8978	0.3658	0.3074	0.197	1458	1.81e-3	fwd 1.7s bwd 1.9s opt 0.1s ckpt 0.0s
648	3.9211	4.0140	0.8443	0.3398	0.3779	0.185	1459	1.80e-3	fwd 2.0s bwd 2.2s opt 0.1s ckpt 0.0s
675	3.9632	4.0375	1.0858	0.3701	0.4566	0.177	1465	1.78e-3	fwd 1.8s bwd 1.9s opt 0.1s ckpt 0.2s
702	3.8696	3.9574	0.9389	0.3641	0.1873	0.193	1474	1.77e-3	fwd 1.7s bwd 1.9s opt 0.1s ckpt 0.0s
729	3.7696	3.8563	0.9744	0.3144	0.1665	0.212	1481	1.75e-3	fwd 1.8s bwd 1.9s opt 0.1s ckpt 0.0s
756	3.5653	3.6371	0.7108	0.3352	0.2664	0.251	1457	1.73e-3	fwd 1.8s bwd 2.0s opt 0.1s ckpt 0.3s
783	3.5636	3.6565	1.1867	0.3395	0.2189	0.257	1455	1.71e-3	fwd 2.2s bwd 2.2s opt 0.1s ckpt 0.0s
810	3.4882	3.5571	0.9259	0.3569	0.4232	0.286	1459	1.69e-3	fwd 1.9s bwd 2.0s opt 0.1s ckpt 0.0s
837	3.4407	3.5252	0.9133	0.3579	0.1644	0.305	1449	1.67e-3	fwd 2.5s bwd 2.4s opt 0.1s ckpt 0.3s
864	3.3237	3.4075	1.2317	0.3442	0.4738	0.325	1450	1.65e-3	fwd 2.1s bwd 2.1s opt 0.1s ckpt 0.0s
891	3.3283	3.4042	0.7079	0.3404	0.1734	0.315	1455	1.63e-3	fwd 1.9s bwd 2.0s opt 0.1s ckpt 0.0s
918	3.2668	3.3372	0.8888	0.3619	0.2400	0.328	1449	1.61e-3	fwd 2.3s bwd 2.2s opt 0.1s ckpt 0.3s
945	3.1755	3.2358	1.1189	0.4135	0.2537	0.357	1450	1.59e-3	fwd 2.2s bwd 2.1s opt 0.1s ckpt 0.0s
972	3.2566	3.3421	1.0822	0.3367	0.0978	0.338	1449	1.57e-3	fwd 2.2s bwd 2.1s opt 0.1s ckpt 0.0s
999	3.2138	3.2891	0.9266	0.3764	0.3855	0.322	1420	1.54e-3	fwd 2.6s bwd 2.5s opt 0.2s ckpt 0.3s
1026	3.2519	3.3231	1.1175	0.3774	0.1105	0.320	1422	1.52e-3	fwd 2.1s bwd 2.0s opt 0.1s ckpt 0.0s
1053	3.2672	3.3380	1.1049	0.3415	0.1198	0.309	1429	1.50e-3	fwd 1.7s bwd 1.9s opt 0.1s ckpt 0.0s
1080	3.2818	3.3631	0.9992	0.3523	0.1924	0.321	1431	1.48e-3	fwd 1.9s bwd 1.9s opt 0.1s ckpt 0.3s
1107	3.3227	3.3975	1.2137	0.3533	0.1295	0.310	1438	1.46e-3	fwd 1.7s bwd 1.8s opt 0.1s ckpt 0.0s
1134	3.3765	3.4612	0.9070	0.3831	0.0957	0.314	1446	1.44e-3	fwd 1.6s bwd 1.7s opt 0.1s ckpt 0.0s
1161	3.3880	3.4791	0.8526	0.3759	0.1284	0.340	1454	1.43e-3	fwd 1.5s bwd 1.7s opt 0.1s ckpt 0.3s
1188	3.6106	3.6836	1.1507	0.4026	0.1324	0.277	1461	1.41e-3	fwd 1.6s bwd 1.8s opt 0.1s ckpt 0.0s
1215	3.5998	3.6661	0.9071	0.4218	0.1368	0.276	1466	1.39e-3	fwd 1.8s bwd 1.9s opt 0.1s ckpt 0.0s
1242	3.6095	3.6756	1.1198	0.3640	0.3343	0.267	1457	1.37e-3	fwd 1.7s bwd 1.8s opt 0.1s ckpt 0.2s
1269	3.6316	3.7168	0.9388	0.3847	0.0466	0.261	1465	1.35e-3	fwd 1.5s bwd 1.7s opt 0.1s ckpt 0.0s
1296	3.4937	3.5778	0.8478	0.4021	0.1982	0.286	1471	1.33e-3	fwd 1.6s bwd 1.8s opt 0.1s ckpt 0.0s
1323	3.4735	3.5724	1.0597	0.3388	0.0938	0.301	1477	1.32e-3	fwd 1.5s bwd 1.7s opt 0.1s ckpt 0.3s
1350	3.5896	3.6744	1.2317	0.3631	0.1876	0.266	1482	1.30e-3	fwd 1.7s bwd 1.8s opt 0.1s ckpt 0.0s
1377	3.5237	3.5973	0.7287	0.4152	0.1423	0.281	1486	1.28e-3	fwd 1.8s bwd 1.9s opt 0.1s ckpt 0.0s
1404	3.5634	3.6474	0.8312	0.3962	0.0947	0.275	1488	1.26e-3	fwd 1.8s bwd 1.9s opt 0.1s ckpt 0.3s
1431	3.6175	3.6825	0.8322	0.3976	0.1560	0.274	1491	1.25e-3	fwd 1.8s bwd 1.8s opt 0.1s ckpt 0.0s
1458	3.4923	3.5748	0.7528	0.3544	0.2241	0.299	1493	1.23e-3	fwd 1.9s bwd 2.0s opt 0.1s ckpt 0.0s
1485	3.3892	3.4770	0.9336	0.3822	0.3098	0.311	1482	1.20e-3	fwd 1.8s bwd 1.8s opt 0.1s ckpt 0.3s
1512	3.5474	3.6117	0.9117	0.4341	0.1013	0.285	1487	1.18e-3	fwd 1.7s bwd 1.8s opt 0.1s ckpt 0.0s
1539	3.5148	3.5773	0.9510	0.3975	0.2556	0.290	1494	1.17e-3	fwd 1.5s bwd 1.7s opt 0.1s ckpt 0.0s
1566	3.4959	3.5748	0.9305	0.3801	0.0490	0.282	1497	1.15e-3	fwd 1.7s bwd 1.7s opt 0.1s ckpt 0.3s
1593	3.5189	3.6016	0.8864	0.4085	0.1844	0.267	1504	1.14e-3	fwd 1.5s bwd 1.6s opt 0.1s ckpt 0.0s
1620	3.6120	3.6830	1.0583	0.3954	0.0389	0.237	1506	1.12e-3	fwd 1.9s bwd 2.0s opt 0.1s ckpt 0.0s
1647	3.5658	3.6594	1.0481	0.3909	0.1562	0.243	1508	1.10e-3	fwd 1.7s bwd 1.8s opt 0.1s ckpt 0.3s
1674	3.5412	3.6323	0.8603	0.3650	0.0799	0.243	1513	1.09e-3	fwd 1.5s bwd 1.7s opt 0.1s ckpt 0.0s
1701	3.5802	3.6542	0.8058	0.3925	0.0439	0.238	1517	1.08e-3	fwd 1.8s bwd 1.8s opt 0.1s ckpt 0.0s
1728	3.5143	3.5920	1.0191	0.4021	0.1226	0.258	1506	1.05e-3	fwd 1.8s bwd 2.0s opt 0.1s ckpt 0.2s
1755	3.5405	3.6229	0.6993	0.3897	0.1628	0.262	1510	1.04e-3	fwd 1.7s bwd 1.9s opt 0.1s ckpt 0.0s
1782	3.5747	3.6486	0.7441	0.3974	0.1213	0.253	1513	1.02e-3	fwd 1.8s bwd 1.9s opt 0.1s ckpt 0.0s
1809	3.5139	3.5987	0.6749	0.3711	0.0932	0.271	1516	1.01e-3	fwd 1.6s bwd 1.8s opt 0.1s ckpt 0.2s
1836	3.5651	3.6357	1.1421	0.3789	0.4940	0.250	1521	9.99e-4	fwd 1.5s bwd 1.7s opt 0.1s ckpt 0.0s
1863	3.4315	3.5039	0.7204	0.3560	0.0312	0.268	1525	9.86e-4	fwd 1.7s bwd 1.8s opt 0.1s ckpt 0.0s
1890	3.6013	3.6958	0.9693	0.3583	0.2921	0.230	1525	9.72e-4	fwd 1.8s bwd 2.0s opt 0.1s ckpt 0.3s
1917	3.6784	3.7698	0.7325	0.3696	0.1830	0.218	1527	9.59e-4	fwd 1.8s bwd 1.9s opt 0.1s ckpt 0.0s
1944	3.6649	3.7492	0.7923	0.3678	0.0338	0.211	1528	9.46e-4	fwd 2.0s bwd 2.0s opt 0.1s ckpt 0.0s
1971	3.5791	3.6723	0.9200	0.3682	0.0732	0.224	1517	9.27e-4	fwd 2.0s bwd 2.0s opt 0.1s ckpt 0.3s
1998	3.5163	3.5908	0.9625	0.3721	0.2213	0.240	1517	9.14e-4	fwd 2.1s bwd 2.2s opt 0.1s ckpt 0.0s
2025	3.5108	3.6094	0.8528	0.3570	0.0729	0.248	1518	9.03e-4	fwd 1.9s bwd 2.0s opt 0.1s ckpt 0.0s
2052	3.6096	3.6843	0.7832	0.3938	0.0482	0.225	1517	8.92e-4	fwd 2.0s bwd 2.0s opt 0.1s ckpt 0.3s
2079	3.7330	3.8199	0.7521	0.3448	0.1179	0.201	1517	8.81e-4	fwd 2.0s bwd 2.1s opt 0.1s ckpt 0.0s
2106	3.7538	3.8380	0.7133	0.3541	0.0423	0.190	1519	8.72e-4	fwd 1.8s bwd 1.9s opt 0.1s ckpt 0.0s
2133	3.7924	3.8734	0.8571	0.4188	0.1064	0.184	1519	8.63e-4	fwd 1.8s bwd 1.9s opt 0.1s ckpt 0.3s
2160	3.7480	3.8371	0.7291	0.3210	0.0966	0.187	1522	8.55e-4	fwd 1.7s bwd 1.9s opt 0.1s ckpt 0.0s
2187	3.7317	3.8347	0.5745	0.3736	0.0284	0.202	1523	8.48e-4	fwd 1.9s bwd 1.9s opt 0.1s ckpt 0.0s
2214	3.8197	3.9209	0.8152	0.3156	0.1192	0.181	1509	8.35e-4	fwd 2.5s bwd 2.4s opt 0.1s ckpt 0.3s
2241	3.7231	3.8331	0.8970	0.3030	0.0293	0.190	1512	8.29e-4	fwd 1.7s bwd 1.8s opt 0.1s ckpt 0.0s
2268	3.5983	3.6683	1.0715	0.3408	0.0650	0.211	1515	8.24e-4	fwd 1.6s bwd 1.8s opt 0.1s ckpt 0.0s
2295	3.5448	3.6141	0.8258	0.3279	0.0389	0.216	1518	8.20e-4	fwd 1.5s bwd 1.7s opt 0.1s ckpt 0.3s
2322	3.6209	3.7062	0.8609	0.3676	0.0606	0.211	1521	8.16e-4	fwd 1.7s bwd 1.8s opt 0.1s ckpt 0.0s
2349	3.6406	3.7274	1.1322	0.3758	0.0208	0.216	1525	8.12e-4	fwd 1.5s bwd 1.7s opt 0.1s ckpt 0.0s
2376	3.7164	3.8001	1.0214	0.3953	0.0374	0.209	1526	8.09e-4	fwd 1.8s bwd 1.9s opt 0.1s ckpt 0.3s
2403	3.6316	3.7203	1.0655	0.3427	0.0442	0.223	1529	8.06e-4	fwd 1.7s bwd 1.8s opt 0.1s ckpt 0.0s
2430	3.6638	3.7534	0.8542	0.3499	0.0366	0.214	1530	8.04e-4	fwd 1.9s bwd 1.9s opt 0.1s ckpt 0.0s
2457	3.5893	3.6655	1.0062	0.3528	0.0307	0.231	1519	8.01e-4	fwd 2.2s bwd 2.2s opt 0.1s ckpt 0.3s
2484	3.6681	3.7569	1.0573	0.3867	0.0244	0.235	1520	8.00e-4	fwd 1.9s bwd 2.0s opt 0.1s ckpt 0.0s
