27	7.8153	7.9162	4.7523	1.7468	NaN	0.083	1857	1.00e-3	fwd 1.4s bwd 2.0s opt 0.1s ckpt 0.0s
54	6.6081	6.7585	3.0502	0.4375	5.1070	0.130	1912	2.00e-3	fwd 1.4s bwd 1.8s opt 0.1s ckpt 0.0s
81	6.2148	6.3536	2.4451	0.4314	4.1120	0.144	1948	2.00e-3	fwd 1.4s bwd 1.7s opt 0.1s ckpt 0.0s
108	5.9936	6.1592	2.4823	0.3929	3.5005	0.135	1806	2.00e-3	fwd 1.9s bwd 2.2s opt 0.1s ckpt 0.0s
135	5.6939	5.8603	2.2410	0.4045	3.1110	0.156	1751	1.99e-3	fwd 1.9s bwd 2.1s opt 0.1s ckpt 0.0s
162	5.6043	5.7188	2.2852	0.3910	3.0723	0.148	1686	1.99e-3	fwd 2.0s bwd 2.3s opt 0.2s ckpt 0.0s
189	5.4669	5.5831	2.5908	0.3842	4.3578	0.153	1660	1.99e-3	fwd 1.9s bwd 2.1s opt 0.1s ckpt 0.1s
216	5.3700	5.5099	3.0154	0.3605	2.9650	0.156	1642	1.98e-3	fwd 2.0s bwd 2.2s opt 0.1s ckpt 0.0s
243	5.2862	5.3929	2.8358	0.3736	NaN	0.143	1649	1.98e-3	fwd 1.7s bwd 2.0s opt 0.1s ckpt 0.0s
270	5.1431	5.2711	2.2615	0.3733	3.2814	0.154	1565	1.97e-3	fwd 1.7s bwd 2.0s opt 0.1s ckpt 0.1s
297	5.0430	5.1488	2.5509	0.3549	NaN	0.146	1567	1.96e-3	fwd 1.9s bwd 2.1s opt 0.1s ckpt 0.0s
324	4.9216	5.0259	2.7044	0.3697	NaN	0.159	1586	1.95e-3	fwd 1.6s bwd 1.8s opt 0.1s ckpt 0.0s
351	4.8420	4.9641	1.6995	0.3495	3.3362	0.170	1593	1.95e-3	fwd 1.7s bwd 1.9s opt 0.1s ckpt 0.1s
378	4.8389	4.9333	2.7846	0.3579	3.9749	0.162	1600	1.94e-3	fwd 1.7s bwd 1.9s opt 0.1s ckpt 0.0s
405	4.7071	4.8286	2.0519	0.3637	NaN	0.179	1606	1.93e-3	fwd 1.7s bwd 1.9s opt 0.1s ckpt 0.0s
432	4.6993	4.8102	2.6404	0.3495	3.9535	0.170	1600	1.92e-3	fwd 1.9s bwd 2.1s opt 0.1s ckpt 0.1s
459	4.5920	4.6927	2.2655	0.3493	3.5030	0.193	1603	1.91e-3	fwd 1.8s bwd 2.0s opt 0.1s ckpt 0.0s
486	4.5057	4.5923	2.3665	0.3745	3.4775	0.219	1602	1.90e-3	fwd 1.9s bwd 2.0s opt 0.1s ckpt 0.0s
513	4.3416	4.4297	2.1865	0.3956	NaN	0.244	1563	1.89e-3	fwd 1.7s bwd 1.9s opt 0.1s ckpt 0.2s
540	4.2896	4.3814	1.9359	0.3787	2.7056	0.250	1576	1.88e-3	fwd 1.6s bwd 1.8s opt 0.1s ckpt 0.0s
567	4.3322	4.4239	2.0503	0.3921	3.5878	0.237	1586	1.87e-3	fwd 1.6s bwd 1.8s opt 0.1s ckpt 0.0s
594	4.2413	4.3305	2.4409	0.4240	2.9534	0.244	1595	1.85e-3	fwd 1.6s bwd 1.8s opt 0.1s ckpt 0.2s
621	4.3662	4.4861	2.0038	0.3618	2.8949	0.224	1599	1.84e-3	fwd 1.8s bwd 1.9s opt 0.1s ckpt 0.0s
648	4.4212	4.5225	1.9482	0.3918	3.5731	0.212	1606	1.83e-3	fwd 1.7s bwd 1.8s opt 0.1s ckpt 0.0s
675	4.1833	4.2695	2.4770	0.3867	2.4674	0.258	1600	1.82e-3	fwd 2.0s bwd 2.1s opt 0.1s ckpt 0.2s
702	4.2142	4.2878	2.0531	0.4434	2.7738	0.252	1582	1.80e-3	fwd 2.5s bwd 2.6s opt 0.1s ckpt 0.0s
729	4.1002	4.1779	1.9243	0.4212	1.8843	0.278	1573	1.78e-3	fwd 2.3s bwd 2.3s opt 0.1s ckpt 0.0s
756	4.0066	4.0853	2.2835	0.4090	2.4366	0.294	1520	1.75e-3	fwd 2.6s bwd 2.6s opt 0.1s ckpt 0.4s
783	4.0322	4.1187	2.1114	0.3945	2.7280	0.288	1525	1.73e-3	fwd 1.8s bwd 2.0s opt 0.1s ckpt 0.0s
810	4.0814	4.1662	2.1801	0.4365	2.4485	0.279	1526	1.72e-3	fwd 2.0s bwd 2.0s opt 0.1s ckpt 0.0s
837	4.1995	4.2972	2.1565	0.3991	2.7238	0.232	1525	1.70e-3	fwd 1.9s bwd 2.0s opt 0.1s ckpt 0.3s
864	4.2400	4.3448	2.0544	0.3795	NaN	0.225	1527	1.68e-3	fwd 1.9s bwd 2.0s opt 0.1s ckpt 0.0s
891	4.2338	4.3290	2.1319	0.3513	3.0158	0.224	1526	1.66e-3	fwd 2.1s bwd 2.1s opt 0.1s ckpt 0.0s
918	4.1189	4.2035	2.4667	0.3829	2.7820	0.232	1527	1.65e-3	fwd 1.8s bwd 1.9s opt 0.1s ckpt 0.3s
945	4.1450	4.2355	1.7501	0.3987	3.2307	0.225	1532	1.63e-3	fwd 1.8s bwd 1.9s opt 0.1s ckpt 0.0s
972	4.0865	4.1877	1.6473	0.3645	2.6333	0.242	1534	1.61e-3	fwd 1.9s bwd 2.0s opt 0.1s ckpt 0.0s
999	4.0534	4.1314	1.9291	0.3764	2.9359	0.242	1510	1.58e-3	fwd 2.0s bwd 2.1s opt 0.1s ckpt 0.3s
1026	4.0911	4.1775	1.3863	0.4241	1.9734	0.234	1512	1.56e-3	fwd 2.0s bwd 2.0s opt 0.1s ckpt 0.0s
1053	4.1887	4.2758	1.8063	0.3789	2.8980	0.216	1512	1.54e-3	fwd 2.0s bwd 2.1s opt 0.1s ckpt 0.0s
1080	4.2654	4.3543	1.6087	0.3736	2.5750	0.204	1513	1.52e-3	fwd 1.8s bwd 1.9s opt 0.1s ckpt 0.3s
1107	4.2542	4.3428	2.0167	0.3526	2.5102	0.204	1516	1.51e-3	fwd 1.9s bwd 2.0s opt 0.1s ckpt 0.0s
1134	4.2646	4.3510	1.1934	0.3793	2.1001	0.194	1517	1.49e-3	fwd 1.9s bwd 2.0s opt 0.1s ckpt 0.0s
1161	4.2277	4.3293	1.7914	0.3613	2.4170	0.198	1519	1.47e-3	fwd 1.8s bwd 1.9s opt 0.1s ckpt 0.3s
1188	4.2432	4.3520	2.1880	0.3745	NaN	0.195	1519	1.45e-3	fwd 2.0s bwd 2.1s opt 0.1s ckpt 0.0s
1215	4.3839	4.4669	1.5501	0.4036	2.6201	0.150	1517	1.43e-3	fwd 2.2s bwd 2.2s opt 0.1s ckpt 0.0s
1242	4.4659	4.5592	1.1336	0.3712	2.4394	0.117	1495	1.39e-3	fwd 2.3s bwd 2.2s opt 0.1s ckpt 0.4s
1269	4.4305	4.5104	1.7738	0.3479	2.3293	0.125	1498	1.37e-3	fwd 1.9s bwd 2.0s opt 0.1s ckpt 0.0s
1296	4.4081	4.5046	1.8236	0.3703	1.8623	0.135	1501	1.35e-3	fwd 1.9s bwd 1.9s opt 0.1s ckpt 0.0s
1323	4.3132	4.4183	1.2500	0.3584	2.6023	0.147	1503	1.33e-3	fwd 1.8s bwd 1.9s opt 0.1s ckpt 0.3s
1350	4.3536	4.4551	1.3728	0.4207	NaN	0.141	1504	1.32e-3	fwd 2.0s bwd 2.0s opt 0.1s ckpt 0.0s
1377	4.3477	4.4440	1.4001	0.3567	2.7053	0.146	1503	1.29e-3	fwd 2.1s bwd 2.2s opt 0.1s ckpt 0.0s
1404	4.2990	4.4086	2.0619	0.3316	2.7491	0.147	1490	1.26e-3	fwd 3.0s bwd 2.7s opt 0.1s ckpt 0.3s
1431	4.3270	4.4190	1.7119	0.3520	2.4617	0.145	1474	1.23e-3	fwd 3.5s bwd 3.2s opt 0.2s ckpt 0.0s
1458	4.2081	4.3205	1.4190	0.3531	NaN	0.171	1463	1.20e-3	fwd 3.2s bwd 2.9s opt 0.1s ckpt 0.0s
1485	4.1154	4.2115	1.3095	0.3609	2.2010	0.188	1450	1.18e-3	fwd 2.1s bwd 2.1s opt 0.1s ckpt 0.3s
1485	4.1157	4.2119	1.3194	0.3597	2.2552	0.188	1007	1.17e-3	fwd 3.2s bwd 2.9s opt 0.2s ckpt 0.0s
1512	4.0772	4.1635	1.3596	0.3553	2.7441	0.199	1216	1.15e-3	fwd 2.0s bwd 2.1s opt 0.1s ckpt 0.0s
1539	3.9625	4.0403	1.5601	0.3681	2.1937	0.230	1191	1.12e-3	fwd 2.9s bwd 2.5s opt 0.2s ckpt 0.0s
1566	3.9154	3.9907	1.3803	0.3777	1.9482	0.224	1240	1.11e-3	fwd 2.1s bwd 2.1s opt 0.1s ckpt 0.3s
1593	3.8353	3.9377	1.7559	0.3913	1.8703	0.247	1275	1.09e-3	fwd 2.2s bwd 2.2s opt 0.1s ckpt 0.0s
1620	3.9964	4.0818	1.3239	0.3839	NaN	0.212	1342	1.07e-3	fwd 1.7s bwd 1.8s opt 0.1s ckpt 0.0s
1647	4.0242	4.1228	1.3842	0.3662	2.5402	0.197	1393	1.06e-3	fwd 1.5s bwd 1.7s opt 0.1s ckpt 0.3s
1674	4.0205	4.1317	1.4320	0.3639	1.8208	0.195	1422	1.04e-3	fwd 1.8s bwd 1.9s opt 0.1s ckpt 0.0s
1701	3.9731	4.0593	1.1371	0.3761	2.2794	0.202	1448	1.03e-3	fwd 1.8s bwd 1.9s opt 0.1s ckpt 0.0s
1728	3.9125	4.0043	1.2913	0.3685	1.6859	0.222	1369	1.00e-3	fwd 2.1s bwd 2.1s opt 0.1s ckpt 0.3s
1755	3.7626	3.8546	1.3844	0.3655	1.5688	0.256	1380	9.87e-4	fwd 2.1s bwd 2.0s opt 0.1s ckpt 0.0s
1782	3.7760	3.8491	1.4639	0.3885	1.7466	0.253	1383	9.72e-4	fwd 2.2s bwd 2.1s opt 0.1s ckpt 0.0s
1809	3.7405	3.8352	1.4993	0.3633	1.3894	0.250	1382	9.56e-4	fwd 2.1s bwd 2.1s opt 0.1s ckpt 0.3s
1836	3.8484	3.9213	1.0743	0.3761	1.9547	0.220	1394	9.43e-4	fwd 2.0s bwd 2.0s opt 0.1s ckpt 0.0s
1863	3.9076	3.9896	1.3043	0.3463	1.1874	0.206	1408	9.31e-4	fwd 1.9s bwd 1.9s opt 0.1s ckpt 0.0s
1890	3.8740	3.9735	1.1599	0.3319	1.4770	0.214	1420	9.20e-4	fwd 1.7s bwd 1.8s opt 0.1s ckpt 0.3s
1917	4.0042	4.1103	1.2484	0.3502	1.6003	0.185	1437	9.10e-4	fwd 1.8s bwd 1.8s opt 0.1s ckpt 0.0s
1944	3.9899	4.0763	1.4092	0.3382	1.5105	0.195	1453	9.00e-4	fwd 1.7s bwd 1.8s opt 0.1s ckpt 0.0s
1971	4.0438	4.1297	1.0211	0.3558	1.4581	0.183	1422	8.84e-4	fwd 1.9s bwd 1.9s opt 0.1s ckpt 0.3s
1998	3.9445	4.0390	1.3468	0.3636	1.6741	0.197	1423	8.73e-4	fwd 2.2s bwd 2.1s opt 0.1s ckpt 0.0s
2025	3.8924	3.9654	1.4174	0.4248	1.4329	0.212	1432	8.64e-4	fwd 1.9s bwd 1.9s opt 0.1s ckpt 0.0s
2052	3.9606	4.0444	1.1769	0.3699	1.3428	0.193	1439	8.56e-4	fwd 1.8s bwd 1.8s opt 0.1s ckpt 0.3s
2079	3.9271	4.0220	1.4171	0.3398	1.0342	0.202	1441	8.48e-4	fwd 2.1s bwd 2.1s opt 0.1s ckpt 0.0s
2106	3.9490	4.0297	1.1605	0.3922	1.3675	0.202	1446	8.40e-4	fwd 2.0s bwd 2.0s opt 0.1s ckpt 0.0s
2133	3.8662	3.9503	1.0471	0.3738	0.9717	0.217	1445	8.33e-4	fwd 2.1s bwd 2.1s opt 0.1s ckpt 0.3s
2160	3.9717	4.0535	1.2459	0.3681	0.9682	0.187	1450	8.27e-4	fwd 2.0s bwd 2.0s opt 0.1s ckpt 0.0s
2187	4.0004	4.1115	1.2539	0.3435	1.0693	0.176	1459	8.22e-4	fwd 1.8s bwd 1.8s opt 0.1s ckpt 0.0s
2214	4.0602	4.1745	0.9279	0.3117	1.0690	0.173	1433	8.14e-4	fwd 2.0s bwd 2.1s opt 0.1s ckpt 0.3s
2241	3.9994	4.0935	1.0849	0.3928	0.9048	0.185	1441	8.10e-4	fwd 1.8s bwd 1.9s opt 0.1s ckpt 0.0s
2268	3.9953	4.0788	1.2794	0.3447	1.3192	0.181	1449	8.07e-4	fwd 1.8s bwd 1.8s opt 0.1s ckpt 0.0s
2295	3.9368	4.0267	1.0939	0.3873	0.8849	0.201	1454	8.05e-4	fwd 1.8s bwd 1.9s opt 0.1s ckpt 0.3s
2322	3.8360	3.9333	1.1758	0.3486	NaN	0.214	1459	8.03e-4	fwd 1.9s bwd 2.0s opt 0.1s ckpt 0.0s
2349	3.7269	3.8047	1.5612	0.3776	NaN	0.242	1461	8.01e-4	fwd 2.1s bwd 2.0s opt 0.1s ckpt 0.0s
2376	3.7324	3.8185	1.3160	0.3606	1.4700	0.238	1464	8.00e-4	fwd 1.8s bwd 1.9s opt 0.1s ckpt 0.3s
